Campaign_ID,Marketing_Channel,Impressions,Clicks,Leads,Conversions,Marketing_Spend,Revenue_Generated
CMP_0001,Social Media,21491,787,123,46,1418.9264039329953,1150
CMP_0002,Affiliate,2341,166,25,8,92.63330105126244,240
CMP_0003,Social Media,12855,257,32,9,665.5407185045692,225
CMP_0004,Social Media,1338,28,4,1,77.38856605198949,25
CMP_0005,Google Ads,6895,387,57,17,826.5687040427122,765
CMP_0006,Google Ads,13254,555,83,27,1005.8730315532594,1215
CMP_0007,Google Ads,20092,867,182,73,734.566740758713,3285
CMP_0008,Email Marketing,12344,664,88,31,121.55249792280884,1705
CMP_0009,Social Media,2750,86,16,4,73.41320282246264,100
CMP_0010,Social Media,22988,751,139,45,2136.109980714545,1125
CMP_0011,Google Ads,3421,167,30,13,298.83603802508765,585
CMP_0012,Affiliate,8119,529,105,29,428.36947435127854,870
CMP_0013,Email Marketing,6319,361,65,15,69.84321939675539,825
CMP_0014,Google Ads,16896,639,148,43,1356.070681323399,1935
CMP_0015,Google Ads,23993,1099,221,100,1172.9472158321123,4500
CMP_0016,Google Ads,22771,688,125,28,414.83562880805766,1260
CMP_0017,Google Ads,12918,316,70,34,403.7048306817707,1530
CMP_0018,Social Media,21377,1431,273,98,2910.9592783179764,2450
CMP_0019,Social Media,14849,533,76,37,973.8368009151529,925
CMP_0020,Google Ads,5873,180,23,11,387.31267019481743,495
CMP_0021,Social Media,5806,357,43,14,352.4167959442911,350
CMP_0022,Google Ads,9592,547,128,33,873.4945596479662,1485
CMP_0023,Google Ads,13182,764,157,39,1163.849201873712,1755
CMP_0024,Social Media,23297,785,188,51,1085.7603547615831,1275
CMP_0025,Social Media,24508,832,158,65,2163.2110267441635,1625
CMP_0026,Email Marketing,20541,682,116,32,222.2328349934994,1760
CMP_0027,Google Ads,17774,540,58,17,1036.3391300865396,765
CMP_0028,Social Media,13045,774,155,51,2106.3892009064316,1275
CMP_0029,Social Media,5430,384,71,33,912.4858949369942,825
CMP_0030,Google Ads,9820,623,154,39,633.7868245288943,1755
CMP_0031,Social Media,5232,353,47,9,825.1431837277671,225
CMP_0032,Google Ads,12122,536,96,20,618.4716743585212,900
CMP_0033,Google Ads,16023,949,187,88,983.0827377235491,3960
CMP_0034,Affiliate,9007,371,72,28,113.06324972432131,840
CMP_0035,Affiliate,18905,974,179,50,787.0128779439779,1500
CMP_0036,Email Marketing,10018,489,105,26,153.2038411180373,1430
CMP_0037,Google Ads,2500,76,9,2,77.67952854581601,90
CMP_0038,Google Ads,7737,334,69,16,650.9266648545624,720
CMP_0039,Social Media,4294,334,64,30,940.2574236448052,750
CMP_0040,Social Media,22469,784,183,79,778.5630810151458,0
CMP_0041,Google Ads,19803,555,126,42,565.4040017483882,1890
CMP_0042,Social Media,20426,921,135,62,2245.47793054744,1550
CMP_0043,Google Ads,5497,370,52,14,404.8214445557141,630
CMP_0044,Affiliate,18850,1035,255,105,743.6454100377351,3150
CMP_0045,Google Ads,20945,1274,228,104,950.5257995401901,4680
CMP_0046,Social Media,1614,50,11,3,88.3727788991481,75
CMP_0047,Google Ads,22776,1301,162,69,2511.4042920230977,3105
CMP_0048,Social Media,10374,408,80,23,936.2197997137057,575
CMP_0049,Social Media,20607,1443,319,92,3728.5853428691753,2300
CMP_0050,Google Ads,24522,1416,342,79,3086.049980286157,3555
CMP_0051,Affiliate,3667,117,17,5,97.09685223545603,150
CMP_0052,Email Marketing,14409,344,71,29,103.70785507129716,1595
CMP_0053,Affiliate,17514,395,71,34,108.14778820049922,1020
CMP_0054,Email Marketing,3983,168,18,6,43.76232033983598,330
CMP_0055,Social Media,21662,778,158,72,649.4898674634499,1800
CMP_0056,Affiliate,24510,1440,293,130,1232.7132424853044,3900
CMP_0057,Google Ads,13651,682,163,41,802.921426227044,1845
CMP_0058,Google Ads,9230,331,57,19,533.6954210994572,855
CMP_0059,Google Ads,7640,221,29,6,243.76334325145945,270
CMP_0060,Google Ads,12779,353,37,14,709.0005917392385,630
CMP_0061,Social Media,22852,1642,266,129,4506.683584678509,3225
CMP_0062,Google Ads,16317,564,81,19,743.1018601251026,855
CMP_0063,Email Marketing,18304,1081,231,97,387.94573221561376,5335
CMP_0064,Social Media,8564,587,89,34,792.989316097951,850
CMP_0065,Google Ads,16520,939,227,85,1467.0838921822503,3825
CMP_0066,Social Media,14737,1054,257,81,2827.0527308624864,2025
CMP_0067,Google Ads,10323,449,86,26,532.7773011020818,1170
CMP_0068,Email Marketing,16229,1255,300,64,484.6969128018993,3520
CMP_0069,Google Ads,12713,355,76,20,290.8810016383041,900
CMP_0070,Affiliate,9502,248,45,9,65.39916296857217,270
CMP_0071,Email Marketing,20625,1227,155,58,455.512223284032,3190
CMP_0072,Google Ads,1545,118,19,4,85.38097668980807,180
CMP_0073,Google Ads,5346,366,67,30,873.0566022902075,1350
CMP_0074,Email Marketing,10996,270,61,21,104.0631458203076,1155
CMP_0075,Social Media,16775,616,106,43,651.9109813103405,1075
CMP_0076,Social Media,14919,1131,265,85,2216.2684762311565,2125
CMP_0077,Email Marketing,4810,169,33,12,26.275459081584223,660
CMP_0078,Google Ads,8206,548,66,31,751.1322626769103,1395
CMP_0079,Social Media,10005,695,173,38,617.3035458800634,950
CMP_0080,Google Ads,17371,863,154,42,865.6444546832222,1890
CMP_0081,Email Marketing,13316,574,91,39,119.9555755398905,2145
CMP_0082,Social Media,19416,912,181,41,1584.1046705049043,1025
CMP_0083,Google Ads,9436,317,36,8,747.9593649339944,360
CMP_0084,Google Ads,13984,1025,200,61,2105.512116286945,2745
CMP_0085,Google Ads,1271,59,10,2,113.71293608592867,90
CMP_0086,Google Ads,20895,1524,245,92,2387.611734600184,4140
CMP_0087,Social Media,19155,504,122,32,1330.5574605253253,800
CMP_0088,Social Media,11616,921,164,76,1393.9117461875474,1900
CMP_0089,Email Marketing,5361,249,33,14,77.85476372416672,770
CMP_0090,Social Media,8069,184,31,12,549.4265658065633,300
CMP_0091,Google Ads,18304,407,96,36,474.6971386859266,1620
CMP_0092,Social Media,4430,286,36,16,648.2302836978329,400
CMP_0093,Email Marketing,21819,1299,171,45,458.9295025601835,2475
CMP_0094,Social Media,13676,931,94,43,2616.637935223821,1075
CMP_0095,Email Marketing,11816,311,31,13,98.08312006471151,715
CMP_0096,Social Media,21144,468,105,44,649.6391433582445,1100
CMP_0097,Social Media,3050,154,32,11,228.55676551863996,0
CMP_0098,Social Media,12692,549,84,23,437.39135918112675,575
CMP_0099,Google Ads,2165,103,21,6,202.8682602602979,270
CMP_0100,Google Ads,3033,241,38,16,163.14044110967453,720
CMP_0101,Google Ads,23851,1866,453,94,4023.794328639702,4230
CMP_0102,Social Media,1145,87,21,9,88.47781528339097,225
CMP_0103,Google Ads,15269,1023,162,44,930.2934094470909,1980
CMP_0104,Social Media,21772,898,204,49,1636.3217343165354,1225
CMP_0105,Affiliate,8832,395,85,19,317.3470729937399,570
CMP_0106,Google Ads,15286,809,118,24,687.8150112108968,1080
CMP_0107,Social Media,3632,253,34,12,440.26045948160424,300
CMP_0108,Email Marketing,5494,132,22,5,32.32091046664015,275
CMP_0109,Google Ads,16152,734,159,78,720.8717897725429,3510
CMP_0110,Google Ads,24895,621,151,56,501.77115345361017,2520
CMP_0111,Google Ads,10155,516,110,26,1086.467753269062,1170
CMP_0112,Google Ads,11426,844,192,78,1269.7458151195933,3510
CMP_0113,Affiliate,11233,752,143,67,196.1110170950623,2010
CMP_0114,Email Marketing,2828,95,21,8,32.384967087309455,440
CMP_0115,Social Media,13260,1041,226,50,3078.0142907323107,1250
CMP_0116,Email Marketing,10130,608,95,44,171.32093804355873,2420
CMP_0117,Email Marketing,5805,119,21,9,29.88238941890133,495
CMP_0118,Google Ads,1806,63,13,3,137.41235886929866,135
CMP_0119,Email Marketing,24870,886,94,20,341.7789626981663,1100
CMP_0120,Social Media,9202,222,49,17,543.3911894932791,425
CMP_0121,Email Marketing,2868,222,28,6,51.867165120303575,330
CMP_0122,Email Marketing,15561,757,134,60,210.19347978817015,3300
CMP_0123,Google Ads,16512,1217,269,82,2265.669010608429,3690
CMP_0124,Google Ads,15899,625,86,40,593.5577673770266,1800
CMP_0125,Google Ads,23074,634,86,31,890.7458179653989,1395
CMP_0126,Social Media,17220,834,133,33,2182.659603241985,825
CMP_0127,Email Marketing,16934,454,106,25,134.57359246548796,1375
CMP_0128,Email Marketing,6429,316,31,11,111.54177569524512,605
CMP_0129,Google Ads,10076,757,178,76,1358.0977888484047,3420
CMP_0130,Social Media,4564,233,28,12,236.7280995289871,300
CMP_0131,Social Media,2389,136,33,9,224.85826883285216,225
CMP_0132,Google Ads,12593,370,89,23,750.2236062833955,1035
CMP_0133,Google Ads,8274,187,32,6,186.4232577501957,270
CMP_0134,Google Ads,18208,485,85,34,453.34439609762563,1530
CMP_0135,Affiliate,19649,1098,189,42,1057.4991664411812,1260
CMP_0136,Google Ads,18320,470,91,29,459.57339462995117,1305
CMP_0137,Social Media,11745,499,56,21,667.1963353022262,525
CMP_0138,Social Media,23786,1260,132,63,3693.861186793798,1575
CMP_0139,Social Media,15199,658,71,20,1581.2360382773704,500
CMP_0140,Affiliate,21229,633,105,28,490.38345405292006,840
CMP_0141,Affiliate,16876,614,86,34,546.2725997650347,1020
CMP_0142,Google Ads,19180,1451,280,108,1173.1067261860592,4860
CMP_0143,Social Media,9245,559,139,41,1307.166456558504,1025
CMP_0144,Google Ads,8214,408,64,30,614.7089146906586,1350
CMP_0145,Google Ads,1726,35,6,2,73.23649033790082,90
CMP_0146,Google Ads,20120,1600,259,69,2423.4481497557595,3105
CMP_0147,Social Media,14832,894,203,55,1918.1154841119169,1375
CMP_0148,Social Media,12362,482,113,39,879.6113360802967,975
CMP_0149,Google Ads,19297,1403,324,139,2049.3425455479287,6255
CMP_0150,Google Ads,11106,394,96,20,781.0443084414509,900
CMP_0151,Affiliate,8657,455,47,19,328.2482842208854,570
CMP_0152,Google Ads,19850,1154,260,102,2007.814322383067,4590
CMP_0153,Google Ads,24696,821,174,46,1158.027454606229,2070
CMP_0154,Social Media,15551,1223,164,66,2378.730556546792,1650
CMP_0155,Affiliate,8906,577,140,67,466.9593200501217,2010
CMP_0156,Google Ads,22260,1190,145,31,2483.1654487377286,1395
CMP_0157,Social Media,8287,255,51,15,590.9021044801465,375
CMP_0158,Email Marketing,1892,43,5,1,16.22054155610931,55
CMP_0159,Google Ads,11222,439,72,33,792.2186534493435,1485
CMP_0160,Social Media,5675,369,76,37,743.2374114893527,925
CMP_0161,Social Media,2933,106,19,6,239.63034832553123,150
CMP_0162,Social Media,18764,982,161,68,2783.1781378573824,1700
CMP_0163,Social Media,12873,819,121,43,1755.221913528896,1075
CMP_0164,Social Media,18674,494,111,40,915.6061318847774,1000
CMP_0165,Google Ads,19024,1162,141,39,2137.9160493088166,1755
CMP_0166,Email Marketing,14239,363,59,15,96.40586971948481,825
CMP_0167,Google Ads,24874,1937,456,130,2005.39305213517,5850
CMP_0168,Google Ads,11874,585,132,48,799.5753880002547,2160
CMP_0169,Google Ads,18602,540,86,17,1264.6460257383717,765
CMP_0170,Social Media,6016,243,52,24,541.8832233042941,600
CMP_0171,Social Media,24265,1087,242,59,2195.6200014640835,1475
CMP_0172,Google Ads,14774,967,225,59,2204.1043023944326,2655
CMP_0173,Social Media,10752,694,126,44,1436.3381460899761,1100
CMP_0174,Google Ads,18338,1040,135,55,1608.8264744773783,2475
CMP_0175,Social Media,16585,437,60,13,1074.3423983264393,325
CMP_0176,Google Ads,8291,241,34,10,453.75434551636295,450
CMP_0177,Social Media,1974,50,9,4,59.23050094594868,100
CMP_0178,Social Media,5133,280,29,8,506.9242129816963,200
CMP_0179,Affiliate,15663,1137,222,65,687.1875438644014,1950
CMP_0180,Google Ads,22754,1047,161,72,1341.0019214276076,3240
CMP_0181,Google Ads,4972,147,21,4,225.07585537748616,180
CMP_0182,Google Ads,6295,336,77,26,451.4473541453768,1170
CMP_0183,Affiliate,14913,1024,173,54,409.0973359138686,0
CMP_0184,Email Marketing,10105,651,74,21,145.63517496474523,1155
CMP_0185,Google Ads,9228,672,150,42,490.6261957845144,0
CMP_0186,Social Media,10903,399,42,9,816.161758305728,225
CMP_0187,Email Marketing,4020,127,26,7,45.22423831465637,385
CMP_0188,Social Media,9987,726,156,33,1729.2564522931661,825
CMP_0189,Social Media,21420,1273,194,84,1987.008629224988,2100
CMP_0190,Google Ads,22452,867,193,61,656.083323423947,2745
CMP_0191,Google Ads,13880,895,158,52,862.6626821519111,2340
CMP_0192,Email Marketing,6233,429,72,33,113.10460682168535,1815
CMP_0193,Affiliate,10516,598,63,25,242.36510189729026,750
CMP_0194,Social Media,15559,953,136,27,1881.1643438727917,675
CMP_0195,Google Ads,17701,752,180,86,764.6924399204134,3870
CMP_0196,Google Ads,3396,177,28,7,376.6671448150768,315
CMP_0197,Social Media,19546,1005,182,42,1652.0801179604896,1050
CMP_0198,Email Marketing,20129,1426,256,110,247.6465577790533,6050
CMP_0199,Email Marketing,2591,182,34,11,62.553009441489564,605
CMP_0200,Email Marketing,12303,860,93,30,174.45245291980632,1650
CMP_0201,Social Media,7183,148,22,6,148.1254000503144,150
CMP_0202,Google Ads,21314,1384,288,104,2251.404124984752,4680
CMP_0203,Google Ads,2312,151,19,5,248.66915076624537,225
CMP_0204,Email Marketing,21695,1316,171,80,413.7618525830679,4400
CMP_0205,Social Media,8314,543,55,14,700.7380925223451,350
CMP_0206,Google Ads,19767,1393,230,107,1948.5122556398956,4815
CMP_0207,Google Ads,20623,994,231,84,1101.6126807511205,3780
CMP_0208,Social Media,3139,157,16,7,146.34690728286685,175
CMP_0209,Google Ads,15688,431,55,22,938.6770069989286,990
CMP_0210,Google Ads,19088,823,120,49,1573.5477283690286,2205
CMP_0211,Social Media,7924,464,97,28,662.727434074988,700
CMP_0212,Social Media,1362,91,17,4,190.9716202905392,100
CMP_0213,Social Media,19988,660,107,28,793.8767253796916,700
CMP_0214,Google Ads,14481,409,87,39,900.7922009660465,1755
CMP_0215,Social Media,21670,1295,247,110,1306.058357970766,2750
CMP_0216,Google Ads,4738,95,22,7,57.65615188183396,315
CMP_0217,Google Ads,3469,106,23,5,159.38316412863594,225
CMP_0218,Social Media,22179,482,66,20,993.9021245346366,500
CMP_0219,Social Media,23534,706,99,38,1449.1864112898852,950
CMP_0220,Email Marketing,17106,528,62,20,61.43468930615169,1100
CMP_0221,Social Media,17940,776,116,50,1130.3204868795833,1250
CMP_0222,Social Media,10017,442,110,54,827.9533526337045,1350
CMP_0223,Google Ads,3808,275,44,11,272.2066968854842,495
CMP_0224,Social Media,17370,879,116,39,2385.0858450197316,975
CMP_0225,Google Ads,22534,1428,306,100,1080.70571763167,4500
CMP_0226,Google Ads,15870,416,75,21,614.5534699240258,945
CMP_0227,Affiliate,13713,459,56,14,352.76997779890263,420
CMP_0228,Social Media,8561,532,83,18,712.3160668609755,450
CMP_0229,Email Marketing,3719,86,13,6,24.70541101453597,330
CMP_0230,Social Media,23890,1175,250,81,3073.9369906889033,2025
CMP_0231,Email Marketing,12700,710,73,25,111.54177569524512,1375
CMP_0232,Social Media,4741,266,37,17,748.4565242071803,425
CMP_0233,Social Media,10766,230,40,17,458.9665406527703,425
CMP_0234,Social Media,4998,196,27,6,278.9613138967677,150
CMP_0235,Google Ads,19787,1151,223,82,1583.2521749369885,3690
CMP_0236,Social Media,17077,494,85,28,717.5012788285702,700
CMP_0237,Google Ads,1294,79,12,5,150.51080694251755,225
CMP_0238,Google Ads,11177,723,175,73,1470.1056833684531,3285
CMP_0239,Social Media,22727,1793,349,142,4705.027674961559,3550
CMP_0240,Google Ads,10882,354,42,12,840.5315286360342,540
CMP_0241,Affiliate,2136,148,27,11,124.83255646713188,330
CMP_0242,Affiliate,3064,156,33,7,109.36193627056191,210
CMP_0243,Affiliate,8009,339,69,17,170.99676086611103,510
CMP_0244,Social Media,13987,382,48,14,754.5797881668891,350
CMP_0245,Google Ads,5543,355,87,19,239.24256241306904,855
CMP_0246,Affiliate,2007,68,11,2,54.986078852025564,60
CMP_0247,Social Media,6445,272,33,14,476.92479359636627,350
CMP_0248,Affiliate,11706,278,35,16,73.67484339916112,480
CMP_0249,Affiliate,15749,1072,122,35,318.2555809743703,1050
CMP_0250,Email Marketing,12718,839,185,51,181.42530894393613,2805
CMP_0251,Google Ads,22736,1455,172,48,2400.9809583092815,2160
CMP_0252,Social Media,10439,396,47,13,710.605718516345,325
CMP_0253,Email Marketing,14281,434,98,20,124.02040211143856,1100
CMP_0254,Google Ads,2435,141,21,10,206.49868288124608,450
CMP_0255,Google Ads,1571,78,8,2,139.70321990558108,90
CMP_0256,Social Media,3382,103,11,3,128.0324654874581,75
CMP_0257,Affiliate,6084,372,45,9,124.48324922423038,270
CMP_0258,Social Media,17661,1403,185,84,2935.042886264552,2100
CMP_0259,Social Media,14507,940,187,78,1730.1183283202902,1950
CMP_0260,Google Ads,8059,518,64,30,335.8514006314977,1350
CMP_0261,Social Media,19271,1484,174,75,2383.4290156612465,1875
CMP_0262,Affiliate,13771,443,95,27,146.01022577938326,810
CMP_0263,Google Ads,18649,1005,201,55,1564.2245086406253,2475
CMP_0264,Social Media,8491,668,110,45,1095.8538525296274,1125
CMP_0265,Email Marketing,15527,464,84,25,131.7507460255401,1375
CMP_0266,Social Media,18424,1142,167,61,2926.4949011301273,1525
CMP_0267,Social Media,15859,874,150,30,1244.7984667742917,750
CMP_0268,Social Media,9073,500,88,19,1457.364867185656,475
CMP_0269,Social Media,10077,623,98,35,1218.0756611986324,875
CMP_0270,Google Ads,20136,1525,359,132,2612.208242581893,5940
CMP_0271,Email Marketing,21953,1469,150,63,446.87231488058234,3465
CMP_0272,Email Marketing,12383,289,62,14,86.70562363865304,770
CMP_0273,Email Marketing,17378,1236,146,51,313.067951521109,2805
CMP_0274,Affiliate,23737,795,174,44,454.40070857713,1320
CMP_0275,Social Media,3353,142,27,6,123.68333755467225,150
CMP_0276,Social Media,24821,1184,268,86,946.8366918823426,2150
CMP_0277,Email Marketing,5799,283,32,7,58.69090541583172,385
CMP_0278,Social Media,18070,833,153,40,1250.1139242701984,1000
CMP_0279,Social Media,22195,1692,296,87,2744.9554544720986,2175
CMP_0280,Email Marketing,12939,806,165,45,114.05743097476437,2475
CMP_0281,Email Marketing,22730,1315,236,53,422.70738272678483,2915
CMP_0282,Google Ads,22427,515,93,21,1103.4060124975736,945
CMP_0283,Social Media,3428,254,41,10,726.9754141162609,250
CMP_0284,Google Ads,22510,1678,245,52,2493.931101550678,2340
CMP_0285,Social Media,12296,821,141,54,1910.424162709448,1350
CMP_0286,Google Ads,8813,179,21,6,383.05857197103813,270
CMP_0287,Social Media,15414,361,88,24,610.5069549856839,600
CMP_0288,Social Media,12801,429,88,26,620.4107002486965,650
CMP_0289,Google Ads,12745,355,86,34,811.5669911903802,1530
CMP_0290,Social Media,14025,616,82,37,1176.7276997928234,925
CMP_0291,Google Ads,4356,328,76,32,490.37869464325433,1440
CMP_0292,Google Ads,15288,738,163,68,679.8079426749479,3060
CMP_0293,Email Marketing,24650,512,103,35,67.8126102384676,1925
CMP_0294,Social Media,7540,278,53,21,735.2378424834365,525
CMP_0295,Google Ads,17422,395,58,21,673.6486882693252,945
CMP_0296,Social Media,4342,96,21,5,142.3781101482009,125
CMP_0297,Email Marketing,10078,368,64,16,57.96767839988543,880
CMP_0298,Google Ads,3844,140,15,4,223.98531460274708,180
CMP_0299,Social Media,11396,766,112,53,1580.8848950415668,1325
CMP_0300,Google Ads,18482,1450,348,126,1410.2532992496017,5670
CMP_0301,Google Ads,24411,1031,234,98,2198.6387869369973,4410
CMP_0302,Social Media,19207,878,217,65,824.9642553408839,1625
CMP_0303,Social Media,14998,1060,205,66,1644.2820081219156,1650
CMP_0304,Social Media,14261,514,70,16,1172.364574516357,400
CMP_0305,Social Media,20539,603,75,18,824.1628036117006,450
CMP_0306,Affiliate,4093,291,37,16,253.39011126101258,480
CMP_0307,Social Media,12722,289,29,10,697.8490542469124,250
CMP_0308,Google Ads,23042,1317,208,62,2660.657555285807,2790
CMP_0309,Email Marketing,21162,1136,146,64,154.19150742678494,3520
CMP_0310,Google Ads,20280,826,133,36,704.5654699037733,1620
CMP_0311,Social Media,12645,492,118,58,686.1264276832541,1450
CMP_0312,Google Ads,16083,1066,175,53,1633.68646458108,2385
CMP_0313,Google Ads,1988,50,11,3,97.32144690294622,135
CMP_0314,Affiliate,21500,735,140,41,644.887653531948,1230
CMP_0315,Email Marketing,7446,476,65,15,148.17908311868538,825
CMP_0316,Social Media,17335,917,140,32,2603.67751581809,800
CMP_0317,Social Media,21563,596,67,26,1437.6550463949625,650
CMP_0318,Google Ads,17133,1249,187,86,1437.9514635637747,3870
CMP_0319,Google Ads,2682,116,23,10,124.94897216989395,450
CMP_0320,Google Ads,6626,461,51,12,854.3004952598444,540
CMP_0321,Social Media,8424,566,74,26,670.1206692262239,650
CMP_0322,Social Media,13857,796,125,28,763.0522261611933,700
CMP_0323,Social Media,13155,653,161,34,1271.718458882463,850
CMP_0324,Google Ads,18317,1442,313,124,2997.8528585182567,5580
CMP_0325,Affiliate,20982,602,126,45,196.27299887514337,1350
CMP_0326,Social Media,12425,789,92,20,1997.5550725683684,500
CMP_0327,Social Media,2980,93,20,4,239.57144191056142,100
CMP_0328,Social Media,16522,665,144,71,1220.3524726220094,1775
CMP_0329,Social Media,20440,787,149,31,691.7322314510695,775
CMP_0330,Google Ads,9984,766,190,63,700.3244868996206,2835
CMP_0331,Social Media,18175,1418,210,73,3320.543530904145,1825
CMP_0332,Email Marketing,16883,523,126,29,163.97795956907999,1595
CMP_0333,Google Ads,6390,136,32,8,301.51737136104447,360
CMP_0334,Google Ads,24019,1518,154,47,2502.931626845742,2115
CMP_0335,Google Ads,19639,885,148,63,728.7030367680474,2835
CMP_0336,Google Ads,20994,531,130,45,434.6483666816524,2025
CMP_0337,Email Marketing,2607,159,18,7,50.298013445920496,385
CMP_0338,Social Media,22563,1189,216,107,1383.4199253299125,2675
CMP_0339,Social Media,7573,596,147,63,887.3649549858678,1575
CMP_0340,Google Ads,18368,617,113,37,911.2976548874775,1665
CMP_0341,Social Media,6776,299,38,12,240.91057138935574,300
CMP_0342,Social Media,4676,245,45,17,320.91148864473746,425
CMP_0343,Google Ads,4380,295,38,15,393.58938211736574,675
CMP_0344,Social Media,9711,514,91,31,708.899402337393,775
CMP_0345,Social Media,9782,555,61,24,586.5424464251228,600
CMP_0346,Social Media,18434,618,117,24,1475.8010444656124,600
CMP_0347,Social Media,14997,1062,188,61,2739.5163220238996,1525
CMP_0348,Google Ads,21017,960,202,57,1020.9236707763564,2565
CMP_0349,Social Media,7342,208,40,9,518.42832347575,225
CMP_0350,Social Media,18343,1097,200,45,1774.392585333543,1125
CMP_0351,Social Media,7059,232,47,17,438.48998282578947,425
CMP_0352,Email Marketing,9884,255,31,11,90.98408222932619,605
CMP_0353,Social Media,6655,477,90,24,1162.6377889944342,600
CMP_0354,Google Ads,13091,623,78,26,1276.658037065962,1170
CMP_0355,Google Ads,21857,1419,338,117,1200.9299244948725,5265
CMP_0356,Social Media,20330,761,83,21,690.1270868838033,525
CMP_0357,Google Ads,16251,1092,179,70,2411.276335495347,3150
CMP_0358,Social Media,1526,40,8,3,64.90508426139849,75
CMP_0359,Affiliate,4224,174,29,12,81.06829798809335,360
CMP_0360,Social Media,16069,1264,143,54,3009.036147120629,1350
CMP_0361,Social Media,12536,847,155,54,2229.2490231820616,1350
CMP_0362,Social Media,14547,724,142,30,1947.995594072332,750
CMP_0363,Social Media,19259,777,159,45,1135.1920019721788,1125
CMP_0364,Social Media,2763,199,31,7,530.8280981605495,175
CMP_0365,Affiliate,9712,511,94,45,143.43793418146788,0
CMP_0366,Social Media,6797,445,74,17,383.4735683240435,425
CMP_0367,Affiliate,10208,666,133,32,477.9478379894901,960
CMP_0368,Affiliate,24483,516,96,44,153.4221648477164,1320
CMP_0369,Google Ads,6109,168,30,14,198.96181255747283,630
CMP_0370,Google Ads,24028,1431,196,84,2591.4848693748268,3780
CMP_0371,Google Ads,17500,519,52,10,626.4747342938581,450
CMP_0372,Google Ads,3433,121,15,3,111.7168323976529,135
CMP_0373,Google Ads,22847,1754,206,64,1940.6801833169488,2880
CMP_0374,Social Media,17967,963,161,39,1713.701351153623,975
CMP_0375,Google Ads,21172,1377,264,54,2004.4913810840985,2430
CMP_0376,Google Ads,5167,276,36,12,792.2186534493435,540
CMP_0377,Email Marketing,18773,997,240,115,324.0708309229654,6325
CMP_0378,Google Ads,9357,239,24,7,792.2186534493435,315
CMP_0379,Email Marketing,7154,290,62,24,102.5730593715931,1320
CMP_0380,Google Ads,22804,842,163,64,678.3378072491196,2880
CMP_0381,Google Ads,9920,430,67,18,455.64349307716975,810
CMP_0382,Social Media,19427,1319,141,55,3446.477149558807,1375
CMP_0383,Social Media,21581,913,177,46,1461.244253847775,1150
CMP_0384,Email Marketing,20880,983,155,36,387.65044168830406,1980
CMP_0385,Social Media,18162,796,191,78,1432.0596272163532,1950
CMP_0386,Email Marketing,1213,31,5,1,10.465001293563006,55
CMP_0387,Google Ads,4762,221,53,26,292.63774106190755,1170
CMP_0388,Google Ads,14399,456,60,15,622.401848446443,675
CMP_0389,Email Marketing,10768,335,69,26,71.97975630206044,1430
CMP_0390,Email Marketing,11640,298,57,18,94.08536047366658,990
CMP_0391,Affiliate,7731,320,67,15,211.40429217439868,450
CMP_0392,Social Media,20501,1341,177,36,3853.3645065262117,900
CMP_0393,Social Media,6791,248,49,18,325.99679662603046,450
CMP_0394,Email Marketing,16822,651,113,49,84.73990157589668,2695
CMP_0395,Google Ads,9783,572,120,54,748.102025058152,2430
CMP_0396,Affiliate,14621,464,69,23,330.61602226107806,690
CMP_0397,Email Marketing,17019,1256,293,126,449.94903942975856,6930
CMP_0398,Social Media,3720,190,21,8,290.49916905584007,200
CMP_0399,Email Marketing,9905,464,102,42,137.40711575652506,2310
CMP_0400,Email Marketing,10127,541,123,42,110.93724593006846,2310
CMP_0401,Google Ads,23431,702,156,60,1201.1186650717973,2700
CMP_0402,Affiliate,17385,987,174,76,901.7290827894394,2280
CMP_0403,Social Media,7368,307,50,15,390.06029139068676,375
CMP_0404,Email Marketing,15056,1111,277,122,245.83373931427616,6710
CMP_0405,Google Ads,13236,398,53,20,950.3751867222704,900
CMP_0406,Email Marketing,19333,974,177,44,351.1923636544925,2420
CMP_0407,Social Media,24116,1347,270,55,2721.532249318914,1375
CMP_0408,Google Ads,15451,339,69,21,518.6461565494787,945
CMP_0409,Affiliate,18301,765,99,36,354.5394693473107,1080
CMP_0410,Google Ads,20558,1314,260,117,2011.7037383807356,5265
CMP_0411,Google Ads,11433,791,176,41,792.2186534493435,1845
CMP_0412,Affiliate,16525,641,68,29,489.647647258293,870
CMP_0413,Affiliate,24398,1657,392,179,774.7022160181929,5370
CMP_0414,Social Media,1089,85,8,1,102.27997490148817,25
CMP_0415,Social Media,19093,1363,209,95,1835.5782808350255,2375
CMP_0416,Social Media,11361,307,31,15,347.51116836209496,375
CMP_0417,Google Ads,17369,1118,124,51,863.267336678126,2295
CMP_0418,Google Ads,4041,158,37,16,214.00232801132043,720
CMP_0419,Social Media,1105,87,13,6,87.4283975609609,150
CMP_0420,Email Marketing,10078,495,81,30,75.02901482247499,1650
CMP_0421,Email Marketing,19279,527,69,20,139.23203259407276,1100
CMP_0422,Email Marketing,7090,450,85,38,67.22090194944259,2090
CMP_0423,Google Ads,7082,278,52,19,198.76543562242378,855
CMP_0424,Social Media,18018,1438,224,83,2105.4116242652226,2075
CMP_0425,Google Ads,2925,230,34,9,229.21210682949456,405
CMP_0426,Social Media,19440,1154,268,114,2203.4899206273994,2850
CMP_0427,Social Media,7917,220,34,7,215.6717068686886,175
CMP_0428,Email Marketing,20528,1256,218,104,408.8672327989462,5720
CMP_0429,Social Media,1552,39,5,1,108.77199133043342,25
CMP_0430,Google Ads,22767,495,107,25,959.4007399949692,1125
CMP_0431,Google Ads,4911,340,54,17,530.0901468896533,765
CMP_0432,Email Marketing,4389,143,25,5,51.22264955474317,275
CMP_0433,Social Media,14629,625,86,34,1445.9789715677448,850
CMP_0434,Google Ads,3430,268,66,31,165.88986146997158,1395
CMP_0435,Google Ads,1458,58,8,3,75.94301194965811,135
CMP_0436,Social Media,14395,543,117,27,1446.900483100258,675
CMP_0437,Google Ads,1207,90,14,3,110.02913499199362,135
CMP_0438,Email Marketing,1899,50,6,2,5.528227602882853,110
CMP_0439,Social Media,12653,829,182,86,2013.5615708096261,2150
CMP_0440,Google Ads,17405,1379,206,69,2818.2193944961364,3105
CMP_0441,Google Ads,9601,711,163,56,632.1278109164263,2520
CMP_0442,Affiliate,1894,111,26,7,72.48359636219483,210
CMP_0443,Social Media,1514,58,13,6,68.5501847889422,150
CMP_0444,Social Media,24678,870,91,35,2060.4013752789174,875
CMP_0445,Email Marketing,22288,1541,336,96,279.63777542855166,5280
CMP_0446,Affiliate,5109,371,59,17,180.7368578532466,510
CMP_0447,Affiliate,14258,734,169,78,648.6564549288759,2340
CMP_0448,Email Marketing,16313,565,110,22,137.2366386990703,1210
CMP_0449,Social Media,16349,437,98,29,986.2860641603421,725
CMP_0450,Google Ads,8179,206,36,13,272.79992720789096,585
CMP_0451,Email Marketing,11326,715,128,31,135.42247086806054,1705
CMP_0452,Social Media,12787,578,70,15,1246.9342175822721,375
CMP_0453,Social Media,2560,190,41,18,208.70161291869613,450
CMP_0454,Affiliate,14612,940,153,71,497.96488407463846,2130
CMP_0455,Google Ads,18650,587,102,45,573.0685337019654,2025
CMP_0456,Social Media,21022,1194,260,122,2764.753178686313,3050
CMP_0457,Google Ads,20811,960,182,66,2207.5928726620737,2970
CMP_0458,Social Media,5780,315,41,18,941.8183985812453,450
CMP_0459,Google Ads,19311,1241,233,73,1750.428339164425,3285
CMP_0460,Google Ads,12894,881,141,56,929.0626918854736,2520
CMP_0461,Google Ads,3356,237,40,19,331.11100940595264,855
CMP_0462,Social Media,5790,204,21,5,541.8966591728902,125
CMP_0463,Social Media,17690,386,50,15,468.4159318224466,375
CMP_0464,Social Media,21049,1354,192,66,3916.059402760632,1650
CMP_0465,Affiliate,11181,294,60,14,148.88140201999232,420
CMP_0466,Social Media,8057,313,31,6,929.0022271678772,150
CMP_0467,Google Ads,17082,345,55,24,727.7761191585906,1080
CMP_0468,Email Marketing,1661,101,24,11,34.599687184665925,605
CMP_0469,Google Ads,5644,169,19,6,198.10660176183285,270
CMP_0470,Affiliate,16711,991,175,39,254.27366278029857,1170
CMP_0471,Google Ads,3920,311,67,14,400.518002360788,630
CMP_0472,Affiliate,17002,414,99,46,197.21180928026638,1380
CMP_0473,Google Ads,15025,369,78,26,246.23908102952313,1170
CMP_0474,Email Marketing,9946,402,83,24,101.14704993461513,1320
CMP_0475,Social Media,13732,988,221,75,1636.9386049815234,1875
CMP_0476,Affiliate,7236,238,39,11,172.76832949186218,330
CMP_0477,Google Ads,17309,720,159,55,1237.0574735635319,2475
CMP_0478,Social Media,23462,565,57,26,577.2491608836546,650
CMP_0479,Affiliate,14518,955,227,85,938.5015724131935,2550
CMP_0480,Social Media,1352,60,9,3,70.23574297459534,75
CMP_0481,Social Media,8005,524,95,29,917.9780751975867,725
CMP_0482,Social Media,15036,1115,154,64,2060.8148870893824,1600
CMP_0483,Social Media,17542,595,125,49,1534.7378197704033,1225
CMP_0484,Social Media,1956,133,14,3,129.44445663132302,75
CMP_0485,Social Media,3071,72,16,5,123.44037323178215,125
CMP_0486,Affiliate,9595,709,158,43,511.45602902310145,1290
CMP_0487,Google Ads,16140,953,126,55,940.8779533339049,2475
CMP_0488,Google Ads,13803,1000,221,72,1729.4422177789309,3240
CMP_0489,Affiliate,4453,89,19,9,83.90462790643932,270
CMP_0490,Email Marketing,7675,231,45,10,92.22800649026638,550
CMP_0491,Social Media,1955,84,13,5,69.13325351343772,125
CMP_0492,Social Media,7295,312,43,17,399.3829362277636,425
CMP_0493,Google Ads,16921,568,76,32,658.0579951854315,1440
CMP_0494,Google Ads,19096,819,121,35,1079.791697275969,1575
CMP_0495,Social Media,16282,451,106,36,584.0804506591427,900
CMP_0496,Social Media,5703,255,28,12,308.0012368761105,300
CMP_0497,Social Media,7563,515,115,31,1492.339264901278,775
CMP_0498,Google Ads,23015,1121,170,45,2525.9928900703508,2025
CMP_0499,Affiliate,13003,274,48,17,78.15695895614063,510
CMP_0500,Affiliate,11817,535,117,41,269.69872491894535,1230
CMP_0501,Social Media,12171,263,61,17,436.9966566391971,425
CMP_0502,Social Media,13582,1059,160,46,1363.7618824752765,1150
CMP_0503,Google Ads,13201,364,61,17,630.4375221066526,765
CMP_0504,Email Marketing,18778,1172,190,81,111.54177569524512,4455
CMP_0505,Social Media,13473,1055,107,42,2810.134411995007,1050
CMP_0506,Google Ads,10461,727,104,46,1405.7015246088959,2070
CMP_0507,Affiliate,22116,1370,231,113,899.9940934575194,3390
CMP_0508,Email Marketing,21098,1484,239,81,439.3768300237757,4455
CMP_0509,Affiliate,16596,1309,272,59,596.2384862798581,1770
CMP_0510,Social Media,1529,87,13,2,915.6061318847774,50
CMP_0511,Social Media,20342,1089,188,54,2015.4790809509893,1350
CMP_0512,Social Media,20975,1210,198,94,1270.5303122688185,2350
CMP_0513,Affiliate,24279,1261,266,94,544.6362495783445,2820
CMP_0514,Email Marketing,13765,799,183,51,149.81892013796417,2805
CMP_0515,Google Ads,14910,700,125,39,1584.6300544862231,0
CMP_0516,Google Ads,12561,415,90,34,421.09881962125945,1530
CMP_0517,Social Media,10131,275,39,15,385.2196648696697,375
CMP_0518,Email Marketing,1525,36,6,1,7.5890246049658705,55
CMP_0519,Affiliate,23861,854,129,63,638.6272240895604,1890
CMP_0520,Google Ads,17385,395,64,23,321.0674970476919,1035
CMP_0521,Social Media,1374,74,15,3,214.3318778802137,75
CMP_0522,Social Media,13197,488,113,52,1316.3971996640514,1300
CMP_0523,Affiliate,5648,392,46,10,267.70152546463135,300
CMP_0524,Email Marketing,3365,82,16,7,24.781331538653934,385
CMP_0525,Email Marketing,18909,634,118,58,66.56882163064988,3190
CMP_0526,Social Media,2646,168,19,7,254.1211250817136,175
CMP_0527,Social Media,1013,56,7,3,142.2531890633417,75
CMP_0528,Google Ads,5599,133,19,5,98.34942392589718,225
CMP_0529,Google Ads,3278,238,29,13,263.7432465758725,585
CMP_0530,Email Marketing,15296,1111,151,54,306.17943288382594,2970
CMP_0531,Email Marketing,4155,165,23,9,29.19244487109762,495
CMP_0532,Affiliate,9321,376,56,26,357.3817887087544,780
CMP_0533,Affiliate,4814,381,80,39,132.70000375232596,1170
CMP_0534,Social Media,14125,813,151,67,2068.383629202804,1675
CMP_0535,Email Marketing,4216,218,54,15,55.019844450679095,825
CMP_0536,Affiliate,3113,218,35,17,177.1790818465628,510
CMP_0537,Email Marketing,21740,806,171,66,155.730966385708,3630
CMP_0538,Google Ads,11238,514,118,56,784.4057800590982,2520
CMP_0539,Social Media,14760,532,107,43,1424.6319136186419,1075
CMP_0540,Google Ads,22927,1544,249,72,2223.9476130829316,3240
CMP_0541,Affiliate,21939,1193,254,78,620.1093464442138,2340
CMP_0542,Social Media,13588,808,105,38,1580.7304922074743,950
CMP_0543,Google Ads,24446,858,127,55,1622.6950357893647,2475
CMP_0544,Social Media,4374,145,26,7,253.4625414688865,175
CMP_0545,Social Media,7430,366,68,25,1047.6651890296619,625
CMP_0546,Social Media,20850,1339,138,41,1892.8480313835657,1025
CMP_0547,Google Ads,20465,1054,254,112,1534.449553624055,5040
CMP_0548,Social Media,12970,284,58,19,696.676774319181,475
CMP_0549,Social Media,1629,117,20,4,269.16112707300834,100
CMP_0550,Email Marketing,17653,421,101,25,151.17786492028682,1375
CMP_0551,Social Media,11831,915,151,32,2738.430900727233,800
CMP_0552,Email Marketing,6724,144,35,12,32.84027980394787,660
CMP_0553,Social Media,23281,1435,253,58,1435.1284031003681,1450
CMP_0554,Social Media,12083,301,35,8,246.3491552771963,200
CMP_0555,Email Marketing,14149,1056,226,109,335.8746038650797,5995
CMP_0556,Social Media,20816,996,201,92,2705.6646374028314,2300
CMP_0557,Google Ads,10472,295,63,21,294.1983831364863,945
CMP_0558,Google Ads,7276,294,71,35,260.2507012808982,1575
CMP_0559,Email Marketing,16635,497,107,21,58.97477914648053,1155
CMP_0560,Social Media,6895,208,39,14,541.0249673636526,350
CMP_0561,Social Media,14994,1152,263,101,1671.1019882015787,2525
CMP_0562,Google Ads,24499,1144,229,77,1513.5742415709315,3465
CMP_0563,Google Ads,24040,1618,260,82,2435.009658043835,3690
CMP_0564,Google Ads,11552,674,156,52,1422.824663743027,2340
CMP_0565,Social Media,17959,1088,145,47,2409.239726382515,1175
CMP_0566,Social Media,24413,681,141,59,1453.1827790996313,1475
CMP_0567,Social Media,7099,241,55,13,276.0081962010926,325
CMP_0568,Social Media,10499,705,147,38,1342.7974657247175,950
CMP_0569,Affiliate,20576,1609,329,83,1265.536042480342,2490
CMP_0570,Google Ads,4178,149,31,8,350.4285688287779,360
CMP_0571,Social Media,23436,850,144,51,1022.6895663705361,1275
CMP_0572,Email Marketing,20118,973,224,52,100.08570476032347,2860
CMP_0573,Social Media,7116,562,73,33,516.718662785265,825
CMP_0574,Social Media,16563,598,71,20,954.2094919023531,500
CMP_0575,Email Marketing,4568,202,28,6,69.92500565340683,330
CMP_0576,Affiliate,10847,797,143,57,203.51917937696848,1710
CMP_0577,Google Ads,15135,305,53,11,433.7450954943263,495
CMP_0578,Affiliate,19587,438,97,37,217.6522571396481,1110
CMP_0579,Social Media,18774,1055,169,69,915.8284593492283,1725
CMP_0580,Google Ads,2742,204,35,9,287.72676446618505,405
CMP_0581,Social Media,19309,662,67,14,875.9481995780428,350
CMP_0582,Affiliate,1619,78,12,3,40.08526280929988,90
CMP_0583,Social Media,18658,877,172,39,2050.1054001656066,975
CMP_0584,Google Ads,18340,887,90,21,1364.9083009122498,945
CMP_0585,Social Media,2939,168,23,6,915.6061318847774,150
CMP_0586,Google Ads,21337,1028,134,38,2395.8014655999013,1710
CMP_0587,Google Ads,17001,796,84,30,1388.7329451089133,1350
CMP_0588,Google Ads,1968,95,16,6,187.96350078829286,0
CMP_0589,Google Ads,15846,878,111,41,651.9884622732293,1845
CMP_0590,Google Ads,1281,66,13,3,45.19053547985025,135
CMP_0591,Google Ads,16360,1165,264,66,739.7825616218662,2970
CMP_0592,Social Media,7262,166,30,13,195.0145693733815,325
CMP_0593,Google Ads,2058,144,35,12,193.8146566886339,540
CMP_0594,Google Ads,21677,1531,256,118,3497.549658431499,5310
CMP_0595,Email Marketing,11724,434,76,23,102.90916763640408,1265
CMP_0596,Social Media,6178,295,73,28,413.9068261910164,700
CMP_0597,Social Media,7980,369,49,17,743.2967442347006,425
CMP_0598,Google Ads,10200,337,81,23,270.09951509656315,1035
CMP_0599,Google Ads,2229,97,10,3,164.61972856947008,135
CMP_0600,Google Ads,21969,497,82,28,806.7192263440683,1260
CMP_0601,Google Ads,9467,347,38,9,702.8788486652062,405
CMP_0602,Google Ads,20124,1388,290,85,3297.940328863973,3825
CMP_0603,Google Ads,3289,121,23,10,127.24024213976887,450
CMP_0604,Google Ads,2239,154,31,14,233.67676816280246,630
CMP_0605,Google Ads,6370,330,51,15,737.8660513534882,675
CMP_0606,Social Media,17170,1249,194,56,3143.32987269929,1400
CMP_0607,Google Ads,1125,61,6,1,90.11721208046866,45
CMP_0608,Social Media,13504,294,44,17,845.8633462201756,425
CMP_0609,Social Media,24857,1504,360,106,1321.688970860883,2650
CMP_0610,Social Media,16398,372,58,28,1058.2458446994328,700
CMP_0611,Google Ads,22726,1068,239,71,737.8954111167074,3195
CMP_0612,Email Marketing,24735,1874,424,134,495.0947271412756,7370
CMP_0613,Social Media,7638,228,35,13,627.796206324557,325
CMP_0614,Google Ads,7570,328,63,27,351.91044507859317,1215
CMP_0615,Email Marketing,4249,271,30,10,65.4938029642414,550
CMP_0616,Affiliate,10110,737,85,27,363.5227879429583,810
CMP_0617,Google Ads,8595,517,55,27,1196.2651292312526,1215
CMP_0618,Google Ads,14605,518,96,19,1078.767152547782,855
CMP_0619,Email Marketing,13115,793,129,60,247.9714595445457,3300
CMP_0620,Social Media,7294,275,50,12,569.8441979680985,300
CMP_0621,Google Ads,23911,1508,268,116,3132.2143529414675,5220
CMP_0622,Google Ads,6757,521,79,30,680.4680315407825,1350
CMP_0623,Social Media,13595,860,173,52,1511.0128396302298,1300
CMP_0624,Social Media,2969,213,45,20,509.6033248280029,500
CMP_0625,Social Media,11985,241,24,4,374.7425203960165,100
CMP_0626,Social Media,18275,1152,151,40,1029.631241789385,1000
CMP_0627,Social Media,5470,381,78,28,349.47334346758475,700
CMP_0628,Social Media,24559,550,86,26,555.2614666158086,650
CMP_0629,Google Ads,11225,811,161,61,1756.1607958170787,0
CMP_0630,Google Ads,10556,373,56,11,540.8528222527156,495
CMP_0631,Social Media,10206,611,96,22,1438.2850372566763,550
CMP_0632,Email Marketing,10991,747,92,21,162.75098210905662,1155
CMP_0633,Social Media,24196,1445,200,51,1924.8839677850815,1275
CMP_0634,Social Media,8519,217,41,13,332.26657581225,325
CMP_0635,Google Ads,14669,818,134,57,1660.1540852450212,2565
CMP_0636,Social Media,5612,297,64,30,640.5506755522586,750
CMP_0637,Social Media,13373,989,225,101,2828.2329203513214,2525
CMP_0638,Google Ads,18582,822,148,38,1498.8911903822834,1710
CMP_0639,Google Ads,16552,649,138,45,1055.4861822158337,2025
CMP_0640,Social Media,15646,1016,148,38,2156.9080765416174,950
CMP_0641,Google Ads,6238,279,45,12,640.6589369010377,540
CMP_0642,Google Ads,16577,974,201,70,1966.273870242309,3150
CMP_0643,Google Ads,23473,1379,217,47,887.0751593909719,2115
CMP_0644,Google Ads,23641,1732,326,86,2704.4339166726495,3870
CMP_0645,Google Ads,16504,922,117,56,1695.5664278026788,2520
CMP_0646,Email Marketing,4719,236,44,14,76.60785227349218,770
CMP_0647,Social Media,1302,36,8,2,44.264511664428866,50
CMP_0648,Social Media,13144,354,81,16,956.206762820502,400
CMP_0649,Email Marketing,18370,537,112,30,207.6863310099189,1650
CMP_0650,Social Media,11055,335,70,32,429.67416178057056,800
CMP_0651,Google Ads,5440,317,58,14,693.8203800593404,630
CMP_0652,Social Media,22293,1436,269,87,1390.338381689504,2175
CMP_0653,Social Media,4072,210,25,5,183.82148006445334,125
CMP_0654,Social Media,14598,1018,169,58,1059.4871141353474,1450
CMP_0655,Social Media,15287,1214,203,41,1068.2197585642086,1025
CMP_0656,Google Ads,14965,1035,252,112,2195.2577978212103,5040
CMP_0657,Google Ads,20508,1265,208,93,893.457178931485,4185
CMP_0658,Social Media,10519,546,99,43,743.2394590902508,1075
CMP_0659,Social Media,14380,674,121,34,662.8464949721262,850
CMP_0660,Social Media,12865,322,62,27,455.5332653093227,675
CMP_0661,Social Media,9125,401,85,30,382.4572796429305,750
CMP_0662,Affiliate,4291,320,42,13,240.32078017832336,390
CMP_0663,Social Media,5033,344,61,23,361.1949558491532,575
CMP_0664,Google Ads,6105,201,45,9,792.2186534493435,405
CMP_0665,Google Ads,18087,868,147,35,1797.5792976553041,1575
CMP_0666,Google Ads,9133,630,89,37,393.492351323671,1665
CMP_0667,Google Ads,17958,431,85,23,953.5045066086259,1035
CMP_0668,Google Ads,6704,289,64,24,188.45683356989952,1080
CMP_0669,Google Ads,8848,629,68,21,648.7269577289456,945
CMP_0670,Google Ads,22592,999,216,98,657.6421475487942,4410
CMP_0671,Google Ads,13975,344,76,36,414.35428717474446,1620
CMP_0672,Email Marketing,7924,416,70,32,105.7305424090163,1760
CMP_0673,Google Ads,21212,1520,376,105,3091.6203616254174,4725
CMP_0674,Social Media,20614,1142,248,64,1724.943593932244,1600
CMP_0675,Social Media,1488,49,10,3,114.53027522021114,75
CMP_0676,Affiliate,8114,349,74,14,136.3292916508931,420
CMP_0677,Google Ads,16740,786,96,19,1533.5466966015902,855
CMP_0678,Social Media,4173,228,30,10,292.06625883143886,250
CMP_0679,Affiliate,2667,174,29,10,62.23259065066171,300
CMP_0680,Email Marketing,5114,132,18,8,20.542190474812553,440
CMP_0681,Email Marketing,4553,334,54,14,51.64272551396191,770
CMP_0682,Google Ads,8761,181,42,11,275.69072610102376,495
CMP_0683,Google Ads,2000,84,18,4,178.13339427564767,180
CMP_0684,Social Media,16638,360,70,33,334.48011236392955,825
CMP_0685,Affiliate,18772,818,187,81,638.2177013957148,2430
CMP_0686,Social Media,6450,332,72,32,737.7968053606846,800
CMP_0687,Social Media,4712,238,39,18,645.7344342046235,450
CMP_0688,Google Ads,2367,70,9,3,72.7625926238703,135
CMP_0689,Email Marketing,9189,539,95,31,126.68276414936929,1705
CMP_0690,Google Ads,10013,227,47,14,514.4930651976211,630
CMP_0691,Google Ads,17838,1172,193,72,2095.522182405465,3240
CMP_0692,Social Media,20156,1547,309,103,2513.4556530680034,2575
CMP_0693,Social Media,4726,190,21,7,198.67879367062727,175
CMP_0694,Google Ads,24616,1256,266,127,1347.0261058616559,5715
CMP_0695,Google Ads,5806,248,55,27,408.25458915126063,1215
CMP_0696,Social Media,3190,65,13,5,915.6061318847774,125
CMP_0697,Google Ads,10108,436,106,45,359.24629680136593,2025
CMP_0698,Social Media,13178,889,199,80,1866.094419403119,2000
CMP_0699,Google Ads,3875,216,50,12,343.5765772125064,540
CMP_0700,Social Media,6592,171,41,8,325.9943581142499,200
CMP_0701,Social Media,18824,1333,293,119,3069.6017607077624,2975
CMP_0702,Google Ads,13592,704,141,59,1483.6161268897627,2655
CMP_0703,Google Ads,9927,699,70,14,825.7856193731358,630
CMP_0704,Google Ads,23443,1284,218,104,2825.084973784449,4680
CMP_0705,Google Ads,15437,827,153,34,735.3191957439745,1530
CMP_0706,Affiliate,12530,329,47,13,124.9436398610998,390
CMP_0707,Google Ads,8010,240,35,14,259.24553148553514,630
CMP_0708,Email Marketing,12207,956,233,58,129.88145338610192,3190
CMP_0709,Google Ads,24501,825,192,41,837.0240486540731,1845
CMP_0710,Social Media,3989,313,71,21,309.6904840243283,525
CMP_0711,Email Marketing,13040,676,108,46,234.2513901646372,2530
CMP_0712,Social Media,10218,287,29,9,304.98922651078783,225
CMP_0713,Social Media,23612,612,68,26,1488.028736759923,650
CMP_0714,Social Media,7471,243,35,13,208.4469072816152,325
CMP_0715,Google Ads,3863,291,29,5,671.4349475517888,225
CMP_0716,Affiliate,11693,524,53,26,410.48591439841215,780
CMP_0717,Email Marketing,2177,95,22,4,9.693701634704187,220
CMP_0718,Affiliate,5760,223,45,22,183.5049996584858,660
CMP_0719,Google Ads,1011,29,4,1,44.23507626399488,45
CMP_0720,Social Media,22636,1115,133,65,2791.482371078232,1625
CMP_0721,Affiliate,17353,482,85,19,309.38259641394774,570
CMP_0722,Google Ads,21783,1527,153,53,2678.120923696536,2385
CMP_0723,Google Ads,12556,530,127,31,1068.1603992468686,1395
CMP_0724,Social Media,12563,533,86,18,885.5758344644871,450
CMP_0725,Social Media,15051,729,116,44,551.1920427429965,1100
CMP_0726,Email Marketing,12022,560,88,23,198.79101131879167,1265
CMP_0727,Google Ads,9234,735,81,30,944.9179497524285,1350
CMP_0728,Email Marketing,22829,1203,235,54,299.32181981938487,2970
CMP_0729,Google Ads,17173,434,91,27,266.4673008506803,1215
CMP_0730,Google Ads,14178,799,160,69,1187.126729285511,3105
CMP_0731,Google Ads,7570,220,26,8,522.6490110224048,360
CMP_0732,Email Marketing,1406,30,5,1,5.504408947368927,55
CMP_0733,Social Media,10206,798,147,57,1308.4735042201899,1425
CMP_0734,Social Media,5431,360,82,37,826.6238971396281,925
CMP_0735,Social Media,22627,1783,279,82,4605.998495688038,2050
CMP_0736,Email Marketing,7542,367,57,23,82.65481780307164,1265
CMP_0737,Social Media,24320,1263,243,118,1827.251512462873,2950
CMP_0738,Email Marketing,9906,298,58,24,113.641626518665,1320
CMP_0739,Social Media,5146,179,30,10,406.97013532701476,250
CMP_0740,Social Media,13046,917,152,59,933.3207064954734,1475
CMP_0741,Social Media,13611,563,98,41,509.56438962706613,1025
CMP_0742,Google Ads,14076,979,224,85,1439.5115470627886,3825
CMP_0743,Social Media,17524,1095,185,37,1363.4969002239675,925
CMP_0744,Social Media,5882,180,43,11,237.86382511738267,275
CMP_0745,Google Ads,15113,762,133,58,1661.0425924802764,2610
CMP_0746,Email Marketing,14645,888,215,60,112.66038887786516,3300
CMP_0747,Social Media,7012,239,53,22,915.6061318847774,550
CMP_0748,Social Media,18347,1281,197,61,1742.2497598061998,1525
CMP_0749,Affiliate,8151,429,98,34,351.8856052367813,1020
CMP_0750,Social Media,4610,137,15,3,325.4333092608876,75
CMP_0751,Google Ads,10884,598,142,36,366.756642714637,1620
CMP_0752,Affiliate,7894,631,122,59,398.6983341651468,1770
CMP_0753,Social Media,14467,419,45,21,445.5934420119032,525
CMP_0754,Google Ads,24695,1704,335,132,3679.291548190917,5940
CMP_0755,Google Ads,17489,567,139,46,1229.7405520493721,2070
CMP_0756,Email Marketing,22923,1534,169,68,345.92274060862746,3740
CMP_0757,Social Media,10873,696,127,48,1217.9235384943922,1200
CMP_0758,Social Media,13289,505,107,39,723.3552398983938,975
CMP_0759,Email Marketing,13208,522,115,25,164.42054641714086,1375
CMP_0760,Email Marketing,11828,798,129,50,165.66353030853432,2750
CMP_0761,Google Ads,24171,1152,150,64,1246.4944751701335,2880
CMP_0762,Google Ads,3137,200,21,10,792.2186534493435,450
CMP_0763,Google Ads,21829,630,117,23,481.74684585137817,1035
CMP_0764,Social Media,20914,1488,249,104,3615.6275291487946,2600
CMP_0765,Google Ads,2286,143,34,12,89.04231368735798,540
CMP_0766,Social Media,16710,1243,135,44,2734.713595807721,1100
CMP_0767,Email Marketing,12371,345,69,16,53.4264785191293,880
CMP_0768,Email Marketing,16945,941,97,31,159.70766224632885,1705
CMP_0769,Google Ads,8052,450,56,17,784.8619188984322,765
CMP_0770,Email Marketing,4654,191,32,9,75.99566058936058,495
CMP_0771,Google Ads,24486,1163,195,81,2325.8737916244777,3645
CMP_0772,Email Marketing,19743,439,89,36,73.64307956382072,1980
CMP_0773,Google Ads,16600,1074,254,95,984.6910564455197,4275
CMP_0774,Social Media,9636,510,99,47,1376.5022186321517,1175
CMP_0775,Email Marketing,7441,174,42,12,40.58640208150253,660
CMP_0776,Google Ads,22431,1364,316,86,1154.892041503687,3870
CMP_0777,Google Ads,22587,1084,203,80,2332.7469291857656,3600
CMP_0778,Social Media,10667,235,52,13,607.7588316034157,325
CMP_0779,Social Media,13149,1027,201,59,3043.8116303753704,1475
CMP_0780,Social Media,2798,215,24,6,601.3385084472609,150
CMP_0781,Social Media,10600,538,113,24,1434.5922049485857,600
CMP_0782,Social Media,22675,580,66,29,503.60958914335913,725
CMP_0783,Google Ads,6495,423,79,21,333.30186233586704,945
CMP_0784,Google Ads,10900,539,110,37,875.42749511386,1665
CMP_0785,Google Ads,14673,559,61,12,870.1744176087681,540
CMP_0786,Affiliate,12130,600,80,32,356.083446520291,960
CMP_0787,Social Media,23668,1215,288,86,1995.9728183521197,2150
CMP_0788,Social Media,16222,872,167,70,915.6061318847774,1750
CMP_0789,Social Media,24669,1146,156,50,2327.4347231665697,1250
CMP_0790,Affiliate,2300,129,26,6,32.45090307780786,180
CMP_0791,Google Ads,24253,1821,345,122,1947.1512198526627,5490
CMP_0792,Social Media,10435,435,76,18,833.516276624076,450
CMP_0793,Social Media,20481,1301,320,106,3089.857074842431,2650
CMP_0794,Social Media,5616,413,83,24,471.58510640842206,600
CMP_0795,Google Ads,17393,823,128,60,1303.9497708487033,2700
CMP_0796,Email Marketing,11617,541,119,25,170.0568066946624,1375
CMP_0797,Affiliate,6752,378,87,35,220.55194101859198,1050
CMP_0798,Social Media,10852,602,71,18,488.1813955560842,450
CMP_0799,Social Media,7295,498,64,18,876.904971560746,450
CMP_0800,Affiliate,22199,1078,142,46,509.17569174114783,1380
CMP_0801,Social Media,18456,1472,299,141,4182.999500706799,3525
CMP_0802,Google Ads,4225,99,18,4,81.60610532787793,180
CMP_0803,Social Media,2316,46,8,1,102.03126139499852,25
CMP_0804,Social Media,23083,1348,325,96,1170.899051292542,2400
CMP_0805,Social Media,13337,505,109,25,885.7111599646764,625
CMP_0806,Social Media,7807,268,31,7,535.0496307937086,175
CMP_0807,Affiliate,24058,931,141,52,440.7970307920013,1560
CMP_0808,Affiliate,4683,165,27,5,97.56560989564757,150
CMP_0809,Social Media,8227,179,28,5,200.12129074703296,125
CMP_0810,Google Ads,4273,334,66,27,383.23925830018334,1215
CMP_0811,Affiliate,24384,810,189,58,579.8220923829483,1740
CMP_0812,Email Marketing,1145,73,10,2,13.909421223359297,110
CMP_0813,Google Ads,6010,395,72,19,876.7173287487077,855
CMP_0814,Affiliate,17035,1290,281,110,930.4837315176576,3300
CMP_0815,Email Marketing,4040,88,14,3,20.380334086709993,165
CMP_0816,Social Media,10654,770,96,33,644.6463908476212,825
CMP_0817,Social Media,17866,922,157,37,1727.8130213820905,925
CMP_0818,Social Media,20563,1191,128,48,2942.659134834708,1200
CMP_0819,Google Ads,18633,1093,263,77,1178.2580183296225,3465
CMP_0820,Google Ads,18014,1246,138,53,2557.031762008255,2385
CMP_0821,Email Marketing,15996,639,105,46,112.17135705195398,2530
CMP_0822,Google Ads,17336,1109,199,76,2309.762539627388,3420
CMP_0823,Google Ads,9853,509,126,36,383.5228545846188,1620
CMP_0824,Social Media,12695,858,107,29,2315.6676499716614,725
CMP_0825,Social Media,3852,305,35,10,571.316701952998,250
CMP_0826,Affiliate,17014,545,55,13,257.4597397572821,390
CMP_0827,Google Ads,1987,158,19,4,170.19820841806833,180
CMP_0828,Google Ads,8622,218,28,12,300.3209433242743,0
CMP_0829,Social Media,24711,497,96,30,1489.9371012544011,750
CMP_0830,Social Media,10160,230,30,9,286.51942610394894,225
CMP_0831,Google Ads,18484,748,77,29,587.770896050685,0
CMP_0832,Social Media,7652,443,99,37,915.3838044203263,925
CMP_0833,Google Ads,8421,203,31,6,300.31341723726996,270
CMP_0834,Google Ads,22400,455,69,31,702.3167460008486,1395
CMP_0835,Social Media,1769,134,19,4,301.58102839350096,100
CMP_0836,Social Media,18727,1298,319,132,1753.6942560572313,3300
CMP_0837,Affiliate,15114,1036,130,56,966.5867014132814,1680
CMP_0838,Social Media,5358,391,91,37,676.5325001710851,925
CMP_0839,Social Media,24164,1498,324,121,1558.5850207276676,3025
CMP_0840,Social Media,23986,629,70,14,1522.2883154677147,350
CMP_0841,Google Ads,12543,551,136,41,968.4308969263839,1845
CMP_0842,Social Media,19733,1250,175,66,1825.5283194863546,1650
CMP_0843,Google Ads,6699,246,28,8,422.80849100227664,360
CMP_0844,Affiliate,18625,1140,255,117,472.98197269547524,3510
CMP_0845,Google Ads,2125,45,9,2,63.03198810658289,90
CMP_0846,Social Media,11793,452,87,25,1253.7025350441697,625
CMP_0847,Google Ads,7764,411,50,13,345.38862569232236,585
CMP_0848,Affiliate,22485,1302,223,66,703.1090834127566,1980
CMP_0849,Social Media,13323,727,157,57,1888.433721236308,1425
CMP_0850,Social Media,14031,868,126,51,2544.415726540266,1275
CMP_0851,Google Ads,15052,306,44,17,433.6225159411252,765
CMP_0852,Social Media,13640,355,35,15,671.2159465894988,375
CMP_0853,Google Ads,8843,637,80,37,1038.2523713812702,1665
CMP_0854,Email Marketing,15210,926,214,95,351.6063137458449,5225
CMP_0855,Google Ads,17456,467,77,15,1001.6086284952912,675
CMP_0856,Google Ads,22856,1611,398,167,1461.3091411778441,7515
CMP_0857,Google Ads,11106,383,61,16,530.9008396237734,720
CMP_0858,Social Media,6189,301,62,14,539.9942899960297,350
CMP_0859,Social Media,3472,99,14,5,250.02115886976057,125
CMP_0860,Google Ads,18091,1132,174,51,1907.6545375968349,2295
CMP_0861,Email Marketing,19188,1151,148,32,341.0023255386182,1760
CMP_0862,Social Media,7704,251,38,9,751.9833978541575,225
CMP_0863,Social Media,4713,338,61,12,310.5071130589449,300
CMP_0864,Social Media,6051,266,66,31,332.97137938493915,775
CMP_0865,Social Media,11756,441,88,18,735.4847438569172,450
CMP_0866,Social Media,3475,101,13,3,154.78355109285962,75
CMP_0867,Google Ads,4610,165,17,5,105.42873172005413,225
CMP_0868,Google Ads,5255,112,13,3,85.70236546458904,135
CMP_0869,Email Marketing,15484,851,156,73,258.947375295333,4015
CMP_0870,Affiliate,24781,1747,375,79,1588.884878120795,2370
CMP_0871,Social Media,2735,144,34,12,274.60955165017674,300
CMP_0872,Google Ads,9258,306,31,12,480.58644659610906,540
CMP_0873,Social Media,8979,197,35,16,260.82016410295216,400
CMP_0874,Social Media,3428,112,19,7,277.5048436356953,175
CMP_0875,Google Ads,13345,600,119,52,1171.9381543566367,2340
CMP_0876,Google Ads,8426,552,101,22,915.8001488066636,990
CMP_0877,Social Media,9533,298,60,18,366.09140410585536,450
CMP_0878,Social Media,6249,394,78,24,381.5066504671798,600
CMP_0879,Google Ads,22675,1632,191,88,1167.9072404378928,3960
CMP_0880,Google Ads,20201,954,209,51,1590.1776856391496,2295
CMP_0881,Google Ads,21258,1472,174,42,3069.213581600763,1890
CMP_0882,Social Media,10686,569,116,34,1525.627535287529,850
CMP_0883,Google Ads,15109,879,142,30,1260.9428460262066,1350
CMP_0884,Google Ads,21595,1113,197,50,2239.0091210310766,2250
CMP_0885,Email Marketing,1661,79,18,8,30.341060653282263,440
CMP_0886,Google Ads,13075,445,103,33,487.41126010294244,1485
CMP_0887,Social Media,15788,602,134,52,990.5372891727357,1300
CMP_0888,Google Ads,11060,413,72,30,940.2614830963724,1350
CMP_0889,Google Ads,16836,905,190,58,1093.9782457598571,2610
CMP_0890,Google Ads,11526,313,55,13,702.6779019673,585
CMP_0891,Social Media,4374,328,75,19,970.0111083437957,475
CMP_0892,Email Marketing,1207,76,12,3,22.689284611496884,165
CMP_0893,Email Marketing,3665,161,39,15,55.55580098305134,825
CMP_0894,Social Media,19877,586,140,44,1427.7758264255008,1100
CMP_0895,Social Media,24197,1764,372,75,4099.451468476014,1875
CMP_0896,Google Ads,1632,113,16,5,130.22978024438268,225
CMP_0897,Google Ads,4083,258,30,14,181.31461052444908,630
CMP_0898,Email Marketing,14711,533,121,53,108.15397202989215,2915
CMP_0899,Google Ads,11123,491,61,27,884.0380237232127,1215
CMP_0900,Google Ads,21103,552,125,54,433.07301135914344,2430
CMP_0901,Google Ads,8123,254,44,13,157.84890181765226,585
CMP_0902,Google Ads,11754,787,126,54,670.0882150293229,2430
CMP_0903,Google Ads,2679,168,39,9,317.2385441466245,405
CMP_0904,Social Media,16901,939,178,70,2759.5198931746518,1750
CMP_0905,Social Media,1236,91,16,6,269.5324972461345,150
CMP_0906,Email Marketing,8446,464,85,17,115.16189756031417,935
CMP_0907,Email Marketing,5443,261,40,17,94.1702851677008,935
CMP_0908,Google Ads,24154,976,212,99,1880.0567174642424,4455
CMP_0909,Google Ads,16463,1258,173,48,1889.3555126279362,2160
CMP_0910,Social Media,23483,586,141,62,1194.6847627012817,1550
CMP_0911,Social Media,9555,724,169,37,766.5430218388831,925
CMP_0912,Google Ads,19752,1374,206,78,3143.424324396955,3510
CMP_0913,Social Media,17669,491,102,35,757.0444142159304,875
CMP_0914,Social Media,1148,61,11,4,106.98398544874652,100
CMP_0915,Social Media,14395,1036,156,74,2342.639998456102,1850
CMP_0916,Social Media,21421,1163,288,132,1745.98929236711,3300
CMP_0917,Google Ads,23933,1781,184,80,1883.7040182983137,3600
CMP_0918,Affiliate,24505,1876,258,72,1356.8864963312003,2160
CMP_0919,Email Marketing,5895,267,47,22,28.701224990776144,1210
CMP_0920,Google Ads,22664,966,172,39,1832.7968247919891,1755
CMP_0921,Email Marketing,18396,1401,263,119,356.1440223590971,6545
CMP_0922,Social Media,12023,727,154,45,1536.1116646996186,1125
CMP_0923,Email Marketing,11699,315,60,12,91.21267504883065,660
CMP_0924,Email Marketing,10715,241,45,18,62.20572631441236,990
CMP_0925,Social Media,20169,1086,117,31,2237.9212851764382,775
CMP_0926,Google Ads,21109,1600,250,68,792.2186534493435,3060
CMP_0927,Google Ads,17163,1212,163,47,2370.204077007177,2115
CMP_0928,Social Media,21960,1329,185,40,3172.014513043322,1000
CMP_0929,Social Media,6782,192,35,8,519.6743097403371,200
CMP_0930,Google Ads,23641,833,108,21,783.8514836912037,945
CMP_0931,Google Ads,19792,1435,206,68,1897.165205197313,3060
CMP_0932,Email Marketing,17724,548,74,16,210.61767325277674,880
CMP_0933,Affiliate,3817,140,33,13,76.64201031056461,390
CMP_0934,Social Media,16096,447,108,29,460.83807984813177,725
CMP_0935,Google Ads,19880,1204,230,111,1861.1446778521154,4995
CMP_0936,Google Ads,23346,1789,426,196,1425.982829819879,8820
CMP_0937,Google Ads,6299,227,49,14,219.0858333442057,630
CMP_0938,Affiliate,10917,529,99,43,528.3329666695271,1290
CMP_0939,Google Ads,24958,1449,146,64,2281.382033464791,2880
CMP_0940,Social Media,19073,1525,329,163,2118.425347394972,4075
CMP_0941,Google Ads,4267,112,23,8,267.7466308420995,360
CMP_0942,Social Media,5406,269,51,11,786.7597854555005,275
CMP_0943,Social Media,18826,811,173,68,1412.4885652185098,1700
CMP_0944,Email Marketing,11382,818,144,55,145.70292289655274,3025
CMP_0945,Google Ads,5437,264,54,21,556.8075080214086,945
CMP_0946,Google Ads,6435,171,41,11,322.8680566839156,495
CMP_0947,Google Ads,5107,296,46,21,543.6023965698703,945
CMP_0948,Affiliate,1560,103,21,10,94.74303651716102,300
CMP_0949,Email Marketing,13329,268,45,11,82.22913756325451,605
CMP_0950,Social Media,22932,1640,329,74,2277.214409823316,1850
CMP_0951,Social Media,2826,88,18,4,203.38490605139498,100
CMP_0952,Social Media,12421,659,70,31,947.6949838558528,775
CMP_0953,Google Ads,13265,596,117,47,1172.1115773760243,2115
CMP_0954,Affiliate,8629,545,73,28,389.5719355234276,840
CMP_0955,Social Media,9325,394,78,25,364.1253408344814,625
CMP_0956,Social Media,20522,1481,252,94,2819.6456364745018,2350
CMP_0957,Social Media,8693,554,119,34,843.4246581024912,850
CMP_0958,Google Ads,9264,545,64,21,649.3277907103808,945
CMP_0959,Google Ads,13686,927,179,78,1561.1248661466914,3510
CMP_0960,Social Media,14716,960,136,67,1416.2216208539578,1675
CMP_0961,Google Ads,7721,171,38,18,341.7278956974598,810
CMP_0962,Social Media,24386,1065,254,121,968.3839785417765,3025
CMP_0963,Google Ads,21609,1639,408,130,2931.6774222181643,5850
CMP_0964,Social Media,20362,560,122,41,1439.5854526074938,1025
CMP_0965,Google Ads,8373,537,114,46,972.5591114770878,2070
CMP_0966,Social Media,6907,542,71,33,1012.8710033268849,825
CMP_0967,Social Media,23481,543,81,19,1568.2875940321792,475
CMP_0968,Google Ads,17127,1043,177,51,1188.9045207468846,2295
CMP_0969,Social Media,6656,320,69,16,253.80087901798396,400
CMP_0970,Social Media,9984,546,129,49,940.1989428428369,1225
CMP_0971,Social Media,21643,543,69,20,447.5823326862249,500
CMP_0972,Affiliate,9286,209,49,14,201.77958595851456,420
CMP_0973,Social Media,6901,414,84,18,506.03865961430995,450
CMP_0974,Google Ads,5917,410,78,23,828.2281436742729,1035
CMP_0975,Google Ads,9429,630,81,37,1256.3647423197297,1665
CMP_0976,Google Ads,15716,827,89,24,820.3112400680147,1080
CMP_0977,Social Media,16795,436,80,32,936.4232264010441,800
CMP_0978,Google Ads,12138,743,146,56,510.10081245377853,2520
CMP_0979,Social Media,3530,121,15,6,222.4031809578779,150
CMP_0980,Social Media,19344,1444,264,63,1130.5885165083093,1575
CMP_0981,Google Ads,24429,1717,392,193,3877.0872760869097,8685
CMP_0982,Email Marketing,18432,1153,259,97,452.92815577063186,5335
CMP_0983,Google Ads,6772,520,124,61,520.0566695737158,2745
CMP_0984,Google Ads,16476,360,55,26,350.8527104184496,1170
CMP_0985,Social Media,19913,1277,188,50,3123.3764973071384,1250
CMP_0986,Social Media,16751,666,141,30,879.1890291457578,750
CMP_0987,Social Media,3964,294,48,13,812.5931438855605,325
CMP_0988,Social Media,8137,292,33,11,596.0714424327994,275
CMP_0989,Google Ads,18347,1164,165,41,1433.3492757312058,1845
CMP_0990,Email Marketing,17920,1302,211,52,455.45017732408354,2860
CMP_0991,Email Marketing,14891,335,48,16,83.08737339154622,880
CMP_0992,Social Media,8340,365,54,11,1022.4285303830857,275
CMP_0993,Google Ads,24563,1614,232,54,3664.4669605461977,2430
CMP_0994,Social Media,8967,424,45,14,475.8108251305025,350
CMP_0995,Social Media,13415,483,94,20,364.7749616138752,500
CMP_0996,Google Ads,12871,427,80,25,1012.4493205934502,1125
CMP_0997,Affiliate,12916,360,71,24,334.6571347544194,720
CMP_0998,Google Ads,9734,695,89,29,486.3619898655055,1305
CMP_0999,Affiliate,1845,100,14,6,87.47756979558025,180
CMP_1000,Social Media,23161,569,109,39,1012.8547649089244,975
